{
  "session_id": "53beb55a-88bf-4dac-b836-d3a03a239e8a",
  "task_type": "memory_sequence",
  "number_of_trials": 32,
  "max_sequence_length": 3,
  "average_accuracy": 0.5,
  "average_reaction_time_ms": 652.9285714285714,
  "average_spatial_distance_error": 0.38461538461538464,
  "average_pixel_distance_error": 34.459303028121475,
  "all_reaction_times_ms": [
    [
      868,
      868,
      511
    ],
    [
      868,
      868,
      511
    ],
    [
      868,
      868,
      511
    ],
    [
      868,
      868,
      511
    ],
    [
      868,
      868,
      511
    ],
    [
      868,
      868,
      511
    ],
    [
      868,
      868,
      511
    ],
    [
      868,
      868,
      511
    ],
    [
      868,
      868,
      511,
      511
    ],
    [
      868,
      868,
      511,
      511
    ],
    [
      868,
      868,
      511,
      511
    ],
    [
      868,
      868,
      511,
      511
    ],
    [
      868,
      868,
      511,
      511
    ],
    [
      868,
      868,
      511,
      511
    ],
    [
      868,
      868,
      511,
      511
    ],
    [
      868,
      868,
      511,
      511
    ],
    [
      314,
      314,
      960
    ],
    [
      314,
      314,
      960
    ],
    [
      314,
      314,
      960
    ],
    [
      314,
      314,
      960
    ],
    [
      314,
      314,
      960
    ],
    [
      314,
      314,
      960
    ],
    [
      314,
      314,
      960
    ],
    [
      314,
      314,
      960
    ],
    [
      314,
      314,
      960,
      960
    ],
    [
      314,
      314,
      960,
      960
    ],
    [
      314,
      314,
      960,
      960
    ],
    [
      314,
      314,
      960,
      960
    ],
    [
      314,
      314,
      960,
      960
    ],
    [
      314,
      314,
      960,
      960
    ],
    [
      314,
      314,
      960,
      960
    ],
    [
      314,
      314,
      960,
      960
    ]
  ],
  "all_spatial_distance_errors": [
    [
      0,
      0,
      0,
      0,
      0
    ],
    [
      0,
      0,
      0,
      0,
      0
    ],
    [
      0,
      0,
      0,
      0,
      0
    ],
    [
      0,
      0,
      0,
      0,
      0
    ],
    [
      0,
      0,
      0,
      0,
      0,
      0
    ],
    [
      0,
      0,
      0,
      0,
      0,
      0
    ],
    [
      0,
      0,
      0,
      0,
      0,
      0
    ],
    [
      0,
      0,
      0,
      0,
      0,
      0
    ],
    [
      0,
      0,
      0,
      0,
      0,
      0,
      0
    ],
    [
      0,
      0,
      0,
      0,
      0,
      0,
      0
    ],
    [
      0,
      0,
      0,
      0,
      0,
      0,
      0
    ],
    [
      0,
      0,
      0,
      0,
      0,
      0,
      0
    ],
    [
      0,
      0,
      0,
      0,
      0,
      0,
      0,
      0
    ],
    [
      0,
      0,
      0,
      0,
      0,
      0,
      0,
      0
    ],
    [
      0,
      0,
      0,
      0,
      0,
      0,
      0,
      0
    ],
    [
      0,
      0,
      0,
      0,
      0,
      0,
      0,
      0
    ],
    [
      0,
      0,
      0,
      0,
      2
    ],
    [
      0,
      0,
      0,
      0,
      2
    ],
    [
      0,
      0,
      0,
      0,
      2
    ],
    [
      0,
      0,
      0,
      0,
      2
    ],
    [
      0,
      0,
      0,
      0,
      2,
      2
    ],
    [
      0,
      0,
      0,
      0,
      2,
      2
    ],
    [
      0,
      0,
      0,
      0,
      2,
      2
    ],
    [
      0,
      0,
      0,
      0,
      2,
      2
    ],
    [
      0,
      0,
      0,
      0,
      2,
      2,
      2
    ],
    [
      0,
      0,
      0,
      0,
      2,
      2,
      2
    ],
    [
      0,
      0,
      0,
      0,
      2,
      2,
      2
    ],
    [
      0,
      0,
      0,
      0,
      2,
      2,
      2
    ],
    [
      0,
      0,
      0,
      0,
      2,
      2,
      2,
      2
    ],
    [
      0,
      0,
      0,
      0,
      2,
      2,
      2,
      2
    ],
    [
      0,
      0,
      0,
      0,
      2,
      2,
      2,
      2
    ],
    [
      0,
      0,
      0,
      0,
      2,
      2,
      2,
      2
    ]
  ],