{
  "task_type": "memory_sequence",
  "number_of_trials": 16,
  "max_sequence_length": 2,
  "average_accuracy": 0,
  "average_reaction_time_ms": 852.4285714285714,
  "average_spatial_distance_error": 0.7692307692307693,
  "average_pixel_distance_error": 38.020207630820686,
  "all_reaction_times_ms": [
    [
      771,
      771,
      961
    ],
    [
      771,
      771,
      961
    ],
    [
      771,
      771,
      961
    ],
    [
      771,
      771,
      961
    ],
    [
      771,
      771,
      961
    ],
    [
      771,
      771,
      961
    ],
    [
      771,
      771,
      961
    ],
    [
      771,
      771,
      961
    ],
    [
      771,
      771,
      961,
      961
    ],
    [
      771,
      771,
      961,
      961
    ],
    [
      771,
      771,
      961,
      961
    ],
    [
      771,
      771,
      961,
      961
    ],
    [
      771,
      771,
      961,
      961
    ],
    [
      771,
      771,
      961,
      961
    ],
    [
      771,
      771,
      961,
      961
    ],
    [
      771,
      771,
      961,
      961
    ]
  ],
  "all_spatial_distance_errors": [
    [
      0,
      0,
      0,
      0,
      2
    ],
    [
      0,
      0,
      0,
      0,
      2
    ],
    [
      0,
      0,
      0,
      0,
      2
    ],
    [
      0,
      0,
      0,
      0,
      2
    ],
    [
      0,
      0,
      0,
      0,
      2,
      2
    ],
    [
      0,
      0,
      0,
      0,
      2,
      2
    ],
    [
      0,
      0,
      0,
      0,
      2,
      2
    ],
    [
      0,
      0,
      0,
      0,
      2,
      2
    ],
    [
      0,
      0,
      0,
      0,
      2,
      2,
      2
    ],
    [
      0,
      0,
      0,
      0,
      2,
      2,
      2
    ],
    [
      0,
      0,
      0,
      0,
      2,
      2,
      2
    ],
    [
      0,
      0,
      0,
      0,
      2,
      2,
      2
    ],
    [
      0,
      0,
      0,
      0,
      2,
      2,
      2,
      2
    ],
    [
      0,
      0,
      0,
      0,
      2,
      2,
      2,
      2
    ],
    [
      0,
      0,
      0,
      0,
      2,
      2,
      2,
      2
    ],
    [
      0,
      0,
      0,
      0,
      2,
      2,
      2,
      2
    ]
  ],
  "all_pixel_distance_errors": [
    [
      1.4375,
      1.4375,
      1.4375,
      1.4375,
      1.4375,
      1.4375,
      1.4375,
      1.4375,
      103.05613230783503
    ],
    [
      1.4375,
      1.4375,
      1.4375,
      1.4375,
      1.4375,
      1.4375,
      1.4375,
      1.4375,
      103.05613230783503
    ],
    [
      1.4375,
      1.4375,
      1.4375,
      1.4375,
      1.4375,
      1.4375,
      1.4375,
      1.4375,
      103.05613230783503,
      103.05613230783503
    ],
    [
      1.4375,
      1.4375,
      1.4375,
      1.4375,
      1.4375,
      1.4375,
      1.4375,
      1.4375,
      103.05613230783503,
      103.05613230783503
    ],
    [
      1.4375,
      1.4375,
      1.4375,
      1.4375,
      1.4375,
      1.4375,
      1.4375,
      1.4375,
      103.05613230783503,
      103.05613230783503,
      103.05613230783503
    ],
    [
      1.4375,
      1.4375,
      1.4375,
      1.4375,
      1.4375,
      1.4375,
      1.4375,
      1.4375,
      103.05613230783503,
      103.05613230783503,
      103.05613230783503
    ],
    [
      1.4375,
      1.4375,
      1.4375,
      1.4375,
      1.4375,
      1.4375,
      1.4375,
      1.4375,
      103.05613230783503,
      103.05613230783503,
      103.05613230783503,
      103.05613230783503
    ],
    [
      1.4375,
      1.4375,
      1.4375,
      1.4375,
      1.4375,
      1.4375,
      1.4375,
      1.4375,
      103.05613230783503,
      103.05613230783503,
      103.05613230783503,
      103.05613230783503
    ],
    [
      1.4375,
      1.4375,
      1.4375,
      1.4375,
      1.4375,
      1.4375,
      1.4375,
      1.4375,
      103.05613230783503,
      103.05613230783503,
      103.05613230783503,
      103.05613230783503,
      103.05613230783503
    ],
    [
      1.4375,
      1.4375,
      1.4375,
      1.4375,
      1.4375,
      1.4375,
      1.4375,
      1.4375,
      103.05613230783503,
      103.05613230783503,
      103.05613230783503,
      103.05613230783503,
      103.05613230783503
    ],
    [
      1.4375,
      1.4375,
      1.4375,
      1.4375,
      1.4375,
      1.4375,
      1.4375,
      1.4375,
      103.05613230783503,
      103.05613230783503,
      103.05613230783503,
      103.05613230783503,
      103.05613230783503,
      103.05613230783503
    ],
    [
      1.4375,
      1.4375,
      1.4375,
      1.4375,
      1.4375,
      1.4375,
      1.4375,
      1.4375,
      103.05613230783503,
      103.05613230783503,
      103.05613230783503,
      103.05613230783503,
      103.05613230783503,
      103.05613230783503
    ],
    [
      1.4375,
      1.4375,
      1.4375,
      1.4375,
      1.4375,
      1.4375,
      1.4375,
      1.4375,
      103.05613230783503,
      103.05613230783503,
      103.05613230783503,
      103.05613230783503,
      103.05613230783503,
      103.05613230783503,
      103.05613230783503
    ],
    [
      1.4375,
      1.4375,
      1.4375,
      1.4375,
      1.4375,
      1.4375,
      1.4375,
      1.4375,
      103.05613230783503,
      103.05613230783503,
      103.05613230783503,
      103.05613230783503,
      103.05613230783503,
      103.05613230783503,
      103.05613230783503
    ],
    [
      1.4375,
      1.4375,
      1.4375,
      1.4375,
      1.4375,
      1.4375,
      1.4375,
      1.4375,
      103.05613230783503,
      103.05613230783503,
      103.05613230783503,
      103.05613230783503,
      103.05613230783503,
      103.05613230783503,
      103.05613230783503,
      103.05613230783503
    ],
    [
      1.4375,
      1.4375,
      1.4375,
      1.4375,
      1.4375,
      1.4375,
      1.4375,
      1.4375,
      103.05613230783503,
      103.05613230783503,
      103.05613230783503,
      103.05613230783503,
      103.05613230783503,
      103.05613230783503,
      103.05613230783503,
      103.05613230783503
    ]
  ],
  "total_task_completion_time_ms": 5346,
  "session_length_ms": 5346,
  "user_id": "3a565f5cdb88",
  "sessionId": "53dc2039-9bcf-4d19-b50e-fc15c02c055b"
}