{
  "session_id": "db88074e-3fbb-4567-b2f3-c92b4ebdec82",
  "task_type": "memory_sequence",
  "number_of_trials": 16,
  "max_sequence_length": 2,
  "average_accuracy": 0,
  "average_reaction_time_ms": 421,
  "average_spatial_distance_error": 1,
  "average_pixel_distance_error": 64.38149428710578,
  "all_reaction_times_ms": [
    [
      421
    ],
    [
      421
    ],
    [
      421
    ],
    [
      421
    ],
    [
      421
    ],
    [
      421
    ],
    [
      421
    ],
    [
      421
    ],
    [
      421,
      421
    ],
    [
      421,
      421
    ],
    [
      421,
      421
    ],
    [
      421,
      421
    ],
    [
      421,
      421
    ],
    [
      421,
      421
    ],
    [
      421,
      421
    ],
    [
      421,
      421
    ]
  ],
  "all_spatial_distance_errors": [
    [
      1
    ],
    [
      1
    ],
    [
      1
    ],
    [
      1
    ],
    [
      1,
      1
    ],
    [
      1,
      1
    ],
    [
      1,
      1
    ],
    [
      1,
      1
    ],
    [
      1,
      1,
      1
    ],
    [
      1,
      1,
      1
    ],
    [
      1,
      1,
      1
    ],
    [
      1,
      1,
      1
    ],
    [
      1,
      1,
      1,
      1
    ],
    [
      1,
      1,
      1,
      1
    ],
    [
      1,
      1,
      1,
      1
    ],
    [
      1,
      1,
      1,
      1
    ]
  ],
  "all_pixel_distance_errors": [
    [
      64.38149428710571
    ],
    [
      64.38149428710571
    ],
    [
      64.38149428710571,
      64.38149428710571
    ],
    [
      64.38149428710571,
      64.38149428710571
    ],
    [
      64.38149428710571,
      64.38149428710571,
      64.38149428710571
    ],
    [
      64.38149428710571,
      64.38149428710571,
      64.38149428710571
    ],
    [
      64.38149428710571,
      64.38149428710571,
      64.38149428710571,
      64.38149428710571
    ],
    [
      64.38149428710571,
      64.38149428710571,
      64.38149428710571,
      64.38149428710571
    ],
    [
      64.38149428710571,
      64.38149428710571,
      64.38149428710571,
      64.38149428710571,
      64.38149428710571
    ],
    [
      64.38149428710571,
      64.38149428710571,
      64.38149428710571,
      64.38149428710571,
      64.38149428710571
    ],
    [
      64.38149428710571,
      64.38149428710571,
      64.38149428710571,
      64.38149428710571,
      64.38149428710571,
      64.38149428710571
    ],
    [
      64.38149428710571,
      64.38149428710571,
      64.38149428710571,
      64.38149428710571,
      64.38149428710571,
      64.38149428710571
    ],
    [
      64.38149428710571,
      64.38149428710571,
      64.38149428710571,
      64.38149428710571,
      64.38149428710571,
      64.38149428710571,
      64.38149428710571
    ],
    [
      64.38149428710571,
      64.38149428710571,
      64.38149428710571,
      64.38149428710571,
      64.38149428710571,
      64.38149428710571,
      64.38149428710571
    ],
    [
      64.38149428710571,
      64.38149428710571,
      64.38149428710571,
      64.38149428710571,
      64.38149428710571,
      64.38149428710571,
      64.38149428710571,
      64.38149428710571
    ],
    [
      64.38149428710571,
      64.38149428710571,
      64.38149428710571,
      64.38149428710571,
      64.38149428710571,
      64.38149428710571,
      64.38149428710571,
      64.38149428710571
    ]
  ],
  "total_task_completion_time_ms": 4177,
  "session_length_ms": 4177,
  "timestamp_relative_ms": 1773762068194,
  "user_id": "3a565f5cdb88",
  "session_timestamp": "2026-03-17T15:41:08.199Z"
}