{
  "session_id": "153e5e39-ced6-4069-acc0-234f2cbae431",
  "task_type": "memory_sequence",
  "number_of_trials": 32,
  "max_sequence_length": 3,
  "average_accuracy": 0.5,
  "average_reaction_time_ms": 476.9,
  "average_spatial_distance_error": 0.2777777777777778,
  "average_pixel_distance_error": 32.259654312662114,
  "all_reaction_times_ms": [
    [
      698,
      698,
      357
    ],
    [
      698,
      698,
      357
    ],
    [
      698,
      698,
      357
    ],
    [
      698,
      698,
      357
    ],
    [
      698,
      698,
      357
    ],
    [
      698,
      698,
      357
    ],
    [
      698,
      698,
      357
    ],
    [
      698,
      698,
      357
    ],
    [
      698,
      698,
      357,
      357
    ],
    [
      698,
      698,
      357,
      357
    ],
    [
      698,
      698,
      357,
      357
    ],
    [
      698,
      698,
      357,
      357
    ],
    [
      698,
      698,
      357,
      357
    ],
    [
      698,
      698,
      357,
      357
    ],
    [
      698,
      698,
      357,
      357
    ],
    [
      698,
      698,
      357,
      357
    ],
    [
      302
    ],
    [
      302
    ],
    [
      302
    ],
    [
      302
    ],
    [
      302
    ],
    [
      302
    ],
    [
      302
    ],
    [
      302
    ],
    [
      302,
      302
    ],
    [
      302,
      302
    ],
    [
      302,
      302
    ],
    [
      302,
      302
    ],
    [
      302,
      302
    ],
    [
      302,
      302
    ],
    [
      302,
      302
    ],
    [
      302,
      302
    ]
  ],
  "all_spatial_distance_errors": [
    [
      0,
      0,
      0,
      0,
      0
    ],
    [
      0,
      0,
      0,
      0,
      0
    ],
    [
      0,
      0,
      0,
      0,
      0
    ],
    [
      0,
      0,
      0,
      0,
      0
    ],
    [
      0,
      0,
      0,
      0,
      0,
      0
    ],
    [
      0,
      0,
      0,
      0,
      0,
      0
    ],
    [
      0,
      0,
      0,
      0,
      0,
      0
    ],
    [
      0,
      0,
      0,
      0,
      0,
      0
    ],
    [
      0,
      0,
      0,
      0,
      0,
      0,
      0
    ],
    [
      0,
      0,
      0,
      0,
      0,
      0,
      0
    ],
    [
      0,
      0,
      0,
      0,
      0,
      0,
      0
    ],
    [
      0,
      0,
      0,
      0,
      0,
      0,
      0
    ],
    [
      0,
      0,
      0,
      0,
      0,
      0,
      0,
      0
    ],
    [
      0,
      0,
      0,
      0,
      0,
      0,
      0,
      0
    ],
    [
      0,
      0,
      0,
      0,
      0,
      0,
      0,
      0
    ],
    [
      0,
      0,
      0,
      0,
      0,
      0,
      0,
      0
    ],
    [
      1
    ],
    [
      1
    ],
    [
      1
    ],
    [
      1
    ],
    [
      1,
      1
    ],
    [
      1,
      1
    ],
    [
      1,
      1
    ],
    [
      1,
      1
    ],
    [
      1,
      1,
      1
    ],
    [
      1,
      1,
      1
    ],
    [
      1,
      1,
      1
    ],
    [
      1,
      1,
      1
    ],
    [
      1,
      1,
      1,
      1
    ],
    [
      1,
      1,
      1,
      1
    ],
    [
      1,
      1,
      1,
      1
    ],
    [
      1,
      1,
      1,
      1
    ]
  ],
  "all_pixel_distance_errors": [
    [
      8.019751009227157,
      8.019751009227157,
      8.019751009227157,
      8.019751009227157,
      8.019751009227157,
      8.019751009227157,
      8.019751009227157,
      8.019751009227157,
      21.964548851501593
    ],
    [
      8.019751009227157,
      8.019751009227157,
      8.019751009227157,
      8.019751009227157,
      8.019751009227157,
      8.019751009227157,
      8.019751009227157,
      8.019751009227157,
      21.964548851501593
    ],
    [
      8.019751009227157,
      8.019751009227157,
      8.019751009227157,
      8.019751009227157,
      8.019751009227157,
      8.019751009227157,
      8.019751009227157,
      8.019751009227157,
      21.964548851501593,
      21.964548851501593
    ],
    [
      8.019751009227157,
      8.019751009227157,
      8.019751009227157,
      8.019751009227157,
      8.019751009227157,
      8.019751009227157,
      8.019751009227157,
      8.019751009227157,
      21.964548851501593,
      21.964548851501593
    ],
    [
      8.019751009227157,
      8.019751009227157,
      8.019751009227157,
      8.019751009227157,
      8.019751009227157,
      8.019751009227157,
      8.019751009227157,
      8.019751009227157,
      21.964548851501593,
      21.964548851501593,
      21.964548851501593
    ],
    [
      8.019751009227157,
      8.019751009227157,
      8.019751009227157,
      8.019751009227157,
      8.019751009227157,
      8.019751009227157,
      8.019751009227157,
      8.019751009227157,
      21.964548851501593,
      21.964548851501593,
      21.964548851501593
    ],
    [
      8.019751009227157,
      8.019751009227157,
      8.019751009227157,
      8.019751009227157,
      8.019751009227157,
      8.019751009227157,
      8.019751009227157,
      8.019751009227157,
      21.964548851501593,
      21.964548851501593,
      21.964548851501593,
      21.964548851501593
    ],
    [
      8.019751009227157,
      8.019751009227157,
      8.019751009227157,
      8.019751009227157,
      8.019751009227157,
      8.019751009227157,
      8.019751009227157,
      8.019751009227157,
      21.964548851501593,
      21.964548851501593,
      21.964548851501593,
      21.964548851501593
    ],
    [
      8.019751009227157,
      8.019751009227157,
      8.019751009227157,
      8.019751009227157,
      8.019751009227157,
      8.019751009227157,
      8.019751009227157,
      8.019751009227157,
      21.964548851501593,
      21.964548851501593,
      21.964548851501593,
      21.964548851501593,
      21.964548851501593
    ],
    [
      8.019751009227157,
      8.019751009227157,
      8.019751009227157,
      8.019751009227157,
      8.019751009227157,
      8.019751009227157,
      8.019751009227157,
      8.019751009227157,
      21.964548851501593,
      21.964548851501593,
      21.964548851501593,
      21.964548851501593,
      21.964548851501593
    ],
    [
      8.019751009227157,
      8.019751009227157,
      8.019751009227157,
      8.019751009227157,
      8.019751009227157,
      8.019751009227157,
      8.019751009227157,
      8.019751009227157,
      21.964548851501593,
      21.964548851501593,
      21.964548851501593,
      21.964548851501593,
      21.964548851501593,
      21.964548851501593
    ],
    [
      8.019751009227157,
      8.019751009227157,
      8.019751009227157,
      8.019751009227157,
      8.019751009227157,
      8.019751009227157,
      8.019751009227157,
      8.019751009227157,
      21.964548851501593,
      21.964548851501593,
      21.964548851501593,
      21.964548851501593,
      21.964548851501593,
      21.964548851501593
    ],
    [
      8.019751009227157,
      8.019751009227157,
      8.019751009227157,
      8.019751009227157,
      8.019751009227157,
      8.019751009227157,
      8.019751009227157,
      8.019751009227157,
      21.964548851501593,
      21.964548851501593,
      21.964548851501593,
      21.964548851501593,
      21.964548851501593,
      21.964548851501593,
      21.964548851501593
    ],
    [
      8.019751009227157,
      8.019751009227157,
      8.019751009227157,
      8.019751009227157,
      8.019751009227157,
      8.019751009227157,
      8.019751009227157,
      8.019751009227157,
      21.964548851501593,
      21.964548851501593,
      21.964548851501593,
      21.964548851501593,
      21.964548851501593,
      21.964548851501593,
      21.964548851501593
    ],
    [
      8.019751009227157,
      8.019751009227157,
      8.019751009227157,
      8.019751009227157,
      8.019751009227157,
      8.019751009227157,
      8.019751009227157,
      8.019751009227157,
